folder,non_synthetic_image_count,first_image,purpose_guess
data\training_dataset\review\unsorted_single_type_icons,2505,data\training_dataset\review\unsorted_single_type_icons\single_type__1000009557__opponent-type-icon-2-1__20260510_014853__46fab03a4d.jpg,Type icon/type combo images
data\training_dataset\review\unsorted_type_combos,1303,data\training_dataset\review\unsorted_type_combos\type_combo__1000009575__opponent-type-cluster-4__20260510_014854__389e8def64.jpg,Type icon/type combo images
data\training_dataset\review\unsorted_slots,588,data\training_dataset\review\unsorted_slots\slot__2026-05-1003.44.002233358681074163662-38908785__opponent-slot-1__20260510_045541__d9d53074e7.jpg,Unknown image folder
data\training_dataset\review\unsorted_pokemon,540,data\training_dataset\review\unsorted_pokemon\pokemon__2026-05-1003.51.281920048151656874176-807e3ad3__opponent-pokemon-1__20260510_045541__4dd1965132.jpg,Unknown image folder
data\pokemon\champions_sprites\normal,320,data\pokemon\champions_sprites\normal\Menu_CP_0003-Mega.png,Clean Champions sprite references
data\pokemon\champions_sprites\shiny,320,data\pokemon\champions_sprites\shiny\Menu_CP_0003-Mega_shiny.png,Clean Champions sprite references
data\cv\references\types\type_combo_icons,113,data\cv\references\types\type_combo_icons\bug.png,Type icon/type combo images
data\cv\references\pokemon,101,data\cv\references\pokemon\aegislash__camera-1.jpg,Unknown image folder
data\training_dataset\slot_pokemon_real\sneasler,44,data\training_dataset\slot_pokemon_real\sneasler\pokemon__2026-05-1003.55.218204888821785164579-b29bda20__opponent-pokemon-4__20260510_045547__2acca37cd1.jpg,Real sorted Pokémon classifier data
data\training_dataset\slot_pokemon_backup\sneasler,44,data\training_dataset\slot_pokemon_backup\sneasler\pokemon__2026-05-1003.55.218204888821785164579-b29bda20__opponent-pokemon-4__20260510_045547__2acca37cd1.jpg,Unknown image folder
data\training_dataset\slot_pokemon\sneasler,44,data\training_dataset\slot_pokemon\sneasler\pokemon__2026-05-1003.55.218204888821785164579-b29bda20__opponent-pokemon-4__20260510_045547__2acca37cd1.jpg,Unknown image folder
data\training_dataset\slot_pokemon_real\garchomp,43,data\training_dataset\slot_pokemon_real\garchomp\pokemon__2026-05-1003.51.281920048151656874176-807e3ad3__opponent-pokemon-2__20260510_045541__939b2e412a.jpg,Real sorted Pokémon classifier data
data\training_dataset\slot_pokemon_backup\garchomp,43,data\training_dataset\slot_pokemon_backup\garchomp\pokemon__2026-05-1003.51.281920048151656874176-807e3ad3__opponent-pokemon-2__20260510_045541__939b2e412a.jpg,Unknown image folder
data\training_dataset\slot_pokemon\garchomp,43,data\training_dataset\slot_pokemon\garchomp\pokemon__2026-05-1003.51.281920048151656874176-807e3ad3__opponent-pokemon-2__20260510_045541__939b2e412a.jpg,Unknown image folder
data\cv\debug\crops\2026-05-1003.57.348043961090820363248-7313b55e,43,data\cv\debug\crops\2026-05-1003.57.348043961090820363248-7313b55e\opponent-objects-1.jpg,Debug/crop images - may be useful after sorting
data\cv\debug\crops\2026-05-1003.59.321336048943851848144-78dfb8af,43,data\cv\debug\crops\2026-05-1003.59.321336048943851848144-78dfb8af\opponent-objects-1.jpg,Debug/crop images - may be useful after sorting
data\cv\debug\crops\2026-05-1004.10.16100901817648704072-38108dab,43,data\cv\debug\crops\2026-05-1004.10.16100901817648704072-38108dab\opponent-objects-1.jpg,Debug/crop images - may be useful after sorting
data\cv\debug\crops\2026-05-1004.12.005586908615364962928-8cbee51f,43,data\cv\debug\crops\2026-05-1004.12.005586908615364962928-8cbee51f\opponent-objects-1.jpg,Debug/crop images - may be useful after sorting
data\cv\debug\crops\2026-05-1004.12.169163041002906255771-d41c2539,43,data\cv\debug\crops\2026-05-1004.12.169163041002906255771-d41c2539\opponent-objects-1.jpg,Debug/crop images - may be useful after sorting
data\cv\debug\crops\2026-05-1004.14.23767493403397163775-066f5d37,43,data\cv\debug\crops\2026-05-1004.14.23767493403397163775-066f5d37\opponent-objects-1.jpg,Debug/crop images - may be useful after sorting
data\cv\debug\crops\2026-05-1004.16.398454763890159349788-62fc5b3d,43,data\cv\debug\crops\2026-05-1004.16.398454763890159349788-62fc5b3d\opponent-objects-1.jpg,Debug/crop images - may be useful after sorting
data\cv\debug\crops\Screenshot 2026-05-10 044050,43,data\cv\debug\crops\Screenshot 2026-05-10 044050\opponent-objects-1.jpg,Debug/crop images - may be useful after sorting
data\cv\debug\crops\Screenshot 2026-05-10 044053,43,data\cv\debug\crops\Screenshot 2026-05-10 044053\opponent-objects-1.jpg,Debug/crop images - may be useful after sorting
data\cv\debug\crops\Screenshot 2026-05-10 044057,43,data\cv\debug\crops\Screenshot 2026-05-10 044057\opponent-objects-1.jpg,Debug/crop images - may be useful after sorting
data\cv\debug\crops\Screenshot 2026-05-10 044100,43,data\cv\debug\crops\Screenshot 2026-05-10 044100\opponent-objects-1.jpg,Debug/crop images - may be useful after sorting
data\cv\debug\crops\Screenshot 2026-05-10 044104,43,data\cv\debug\crops\Screenshot 2026-05-10 044104\opponent-objects-1.jpg,Debug/crop images - may be useful after sorting
data\cv\debug\crops\Screenshot 2026-05-10 044237,43,data\cv\debug\crops\Screenshot 2026-05-10 044237\opponent-objects-1.jpg,Debug/crop images - may be useful after sorting
data\cv\debug\crops\Screenshot 2026-05-10 044241,43,data\cv\debug\crops\Screenshot 2026-05-10 044241\opponent-objects-1.jpg,Debug/crop images - may be useful after sorting
data\cv\debug\crops\Screenshot 2026-05-10 044243,43,data\cv\debug\crops\Screenshot 2026-05-10 044243\opponent-objects-1.jpg,Debug/crop images - may be useful after sorting
data\cv\debug\crops\Screenshot 2026-05-10 044251,43,data\cv\debug\crops\Screenshot 2026-05-10 044251\opponent-objects-1.jpg,Debug/crop images - may be useful after sorting
data\cv\debug\crops\Screenshot 2026-05-10 044254,43,data\cv\debug\crops\Screenshot 2026-05-10 044254\opponent-objects-1.jpg,Debug/crop images - may be useful after sorting
data\cv\debug\crops\Screenshot 2026-05-10 044257,43,data\cv\debug\crops\Screenshot 2026-05-10 044257\opponent-objects-1.jpg,Debug/crop images - may be useful after sorting
data\cv\debug\crops\Screenshot 2026-05-10 044259,43,data\cv\debug\crops\Screenshot 2026-05-10 044259\opponent-objects-1.jpg,Debug/crop images - may be useful after sorting
data\cv\debug\crops\Screenshot 2026-05-10 044309,43,data\cv\debug\crops\Screenshot 2026-05-10 044309\opponent-objects-1.jpg,Debug/crop images - may be useful after sorting
data\cv\debug\crops\Screenshot 2026-05-10 044313,43,data\cv\debug\crops\Screenshot 2026-05-10 044313\opponent-objects-1.jpg,Debug/crop images - may be useful after sorting
data\cv\debug\crops\Screenshot 2026-05-10 044316,43,data\cv\debug\crops\Screenshot 2026-05-10 044316\opponent-objects-1.jpg,Debug/crop images - may be useful after sorting
data\cv\debug\crops\Screenshot 2026-05-10 044333,43,data\cv\debug\crops\Screenshot 2026-05-10 044333\opponent-objects-1.jpg,Debug/crop images - may be useful after sorting
data\cv\debug\crops\Screenshot 2026-05-10 044342,43,data\cv\debug\crops\Screenshot 2026-05-10 044342\opponent-objects-1.jpg,Debug/crop images - may be useful after sorting
data\cv\debug\crops\Screenshot 2026-05-10 044358,43,data\cv\debug\crops\Screenshot 2026-05-10 044358\opponent-objects-1.jpg,Debug/crop images - may be useful after sorting
data\cv\debug\crops\Screenshot 2026-05-10 044404,43,data\cv\debug\crops\Screenshot 2026-05-10 044404\opponent-objects-1.jpg,Debug/crop images - may be useful after sorting
data\cv\debug\crops\Screenshot 2026-05-10 044526,43,data\cv\debug\crops\Screenshot 2026-05-10 044526\opponent-objects-1.jpg,Debug/crop images - may be useful after sorting
data\cv\debug\crops\2026-05-1003.51.281920048151656874176-807e3ad3,42,data\cv\debug\crops\2026-05-1003.51.281920048151656874176-807e3ad3\opponent-objects-1.jpg,Debug/crop images - may be useful after sorting
data\cv\debug\crops\2026-05-1003.55.218204888821785164579-b29bda20,42,data\cv\debug\crops\2026-05-1003.55.218204888821785164579-b29bda20\opponent-objects-1.jpg,Debug/crop images - may be useful after sorting
data\cv\debug\crops\2026-05-1003.56.265209192959158153225-8a719e0d,42,data\cv\debug\crops\2026-05-1003.56.265209192959158153225-8a719e0d\opponent-objects-1.jpg,Debug/crop images - may be useful after sorting
data\cv\debug\crops\2026-05-1004.00.257248896820442285253-ec4d446f,42,data\cv\debug\crops\2026-05-1004.00.257248896820442285253-ec4d446f\opponent-objects-1.jpg,Debug/crop images - may be useful after sorting
data\cv\debug\crops\2026-05-1004.02.001412921874112631768-150f1db5,42,data\cv\debug\crops\2026-05-1004.02.001412921874112631768-150f1db5\opponent-objects-1.jpg,Debug/crop images - may be useful after sorting
data\cv\debug\crops\2026-05-1004.02.458270850770936963653-8bb86000,42,data\cv\debug\crops\2026-05-1004.02.458270850770936963653-8bb86000\opponent-objects-1.jpg,Debug/crop images - may be useful after sorting
data\cv\debug\crops\2026-05-1004.04.0255805391873015953-4d9be81d,42,data\cv\debug\crops\2026-05-1004.04.0255805391873015953-4d9be81d\opponent-objects-1.jpg,Debug/crop images - may be useful after sorting
data\cv\debug\crops\2026-05-1004.08.096989943643096808723-c1570ef9,42,data\cv\debug\crops\2026-05-1004.08.096989943643096808723-c1570ef9\opponent-objects-1.jpg,Debug/crop images - may be useful after sorting
data\cv\debug\crops\2026-05-1004.22.369084808676864386359-db61ba3c,42,data\cv\debug\crops\2026-05-1004.22.369084808676864386359-db61ba3c\opponent-objects-1.jpg,Debug/crop images - may be useful after sorting
data\cv\debug\crops\normalized-team-column,42,data\cv\debug\crops\normalized-team-column\opponent-objects-1.jpg,Debug/crop images - may be useful after sorting
data\cv\debug\crops\Screenshot 2026-05-10 042629,42,data\cv\debug\crops\Screenshot 2026-05-10 042629\opponent-objects-1.jpg,Debug/crop images - may be useful after sorting
data\cv\debug\crops\Screenshot 2026-05-10 044112,42,data\cv\debug\crops\Screenshot 2026-05-10 044112\opponent-objects-1.jpg,Debug/crop images - may be useful after sorting
data\cv\debug\crops\Screenshot 2026-05-10 044131,42,data\cv\debug\crops\Screenshot 2026-05-10 044131\opponent-objects-1.jpg,Debug/crop images - may be useful after sorting
data\cv\debug\crops\Screenshot 2026-05-10 044149,42,data\cv\debug\crops\Screenshot 2026-05-10 044149\opponent-objects-1.jpg,Debug/crop images - may be useful after sorting
data\cv\debug\crops\Screenshot 2026-05-10 044153,42,data\cv\debug\crops\Screenshot 2026-05-10 044153\opponent-objects-1.jpg,Debug/crop images - may be useful after sorting
data\cv\debug\crops\Screenshot 2026-05-10 044156,42,data\cv\debug\crops\Screenshot 2026-05-10 044156\opponent-objects-1.jpg,Debug/crop images - may be useful after sorting
data\cv\debug\crops\Screenshot 2026-05-10 044158,42,data\cv\debug\crops\Screenshot 2026-05-10 044158\opponent-objects-1.jpg,Debug/crop images - may be useful after sorting
data\cv\debug\crops\Screenshot 2026-05-10 044201,42,data\cv\debug\crops\Screenshot 2026-05-10 044201\opponent-objects-1.jpg,Debug/crop images - may be useful after sorting
data\cv\debug\crops\Screenshot 2026-05-10 044203,42,data\cv\debug\crops\Screenshot 2026-05-10 044203\opponent-objects-1.jpg,Debug/crop images - may be useful after sorting
data\cv\debug\crops\Screenshot 2026-05-10 044208,42,data\cv\debug\crops\Screenshot 2026-05-10 044208\opponent-objects-1.jpg,Debug/crop images - may be useful after sorting
data\cv\debug\crops\Screenshot 2026-05-10 044210,42,data\cv\debug\crops\Screenshot 2026-05-10 044210\opponent-objects-1.jpg,Debug/crop images - may be useful after sorting
data\cv\debug\crops\Screenshot 2026-05-10 044214,42,data\cv\debug\crops\Screenshot 2026-05-10 044214\opponent-objects-1.jpg,Debug/crop images - may be useful after sorting
data\cv\debug\crops\Screenshot 2026-05-10 044216,42,data\cv\debug\crops\Screenshot 2026-05-10 044216\opponent-objects-1.jpg,Debug/crop images - may be useful after sorting
data\cv\debug\crops\Screenshot 2026-05-10 044219,42,data\cv\debug\crops\Screenshot 2026-05-10 044219\opponent-objects-1.jpg,Debug/crop images - may be useful after sorting
data\cv\debug\crops\Screenshot 2026-05-10 044222,42,data\cv\debug\crops\Screenshot 2026-05-10 044222\opponent-objects-1.jpg,Debug/crop images - may be useful after sorting
data\cv\debug\crops\Screenshot 2026-05-10 044224,42,data\cv\debug\crops\Screenshot 2026-05-10 044224\opponent-objects-1.jpg,Debug/crop images - may be useful after sorting
data\cv\debug\crops\Screenshot 2026-05-10 044227,42,data\cv\debug\crops\Screenshot 2026-05-10 044227\opponent-objects-1.jpg,Debug/crop images - may be useful after sorting
data\cv\debug\crops\Screenshot 2026-05-10 044336,42,data\cv\debug\crops\Screenshot 2026-05-10 044336\opponent-objects-1.jpg,Debug/crop images - may be useful after sorting
data\cv\debug\crops\Screenshot 2026-05-10 044345,42,data\cv\debug\crops\Screenshot 2026-05-10 044345\opponent-objects-1.jpg,Debug/crop images - may be useful after sorting
data\cv\debug\crops\Screenshot 2026-05-10 044347,42,data\cv\debug\crops\Screenshot 2026-05-10 044347\opponent-objects-1.jpg,Debug/crop images - may be useful after sorting
data\cv\debug\crops\Screenshot 2026-05-10 044351,42,data\cv\debug\crops\Screenshot 2026-05-10 044351\opponent-objects-1.jpg,Debug/crop images - may be useful after sorting
data\cv\debug\crops\Screenshot 2026-05-10 044354,42,data\cv\debug\crops\Screenshot 2026-05-10 044354\opponent-objects-1.jpg,Debug/crop images - may be useful after sorting
data\cv\debug\crops\Screenshot 2026-05-10 044418,42,data\cv\debug\crops\Screenshot 2026-05-10 044418\opponent-objects-1.jpg,Debug/crop images - may be useful after sorting
data\cv\debug\crops\Screenshot 2026-05-10 044422,42,data\cv\debug\crops\Screenshot 2026-05-10 044422\opponent-objects-1.jpg,Debug/crop images - may be useful after sorting
data\cv\debug\crops\Screenshot 2026-05-10 044426,42,data\cv\debug\crops\Screenshot 2026-05-10 044426\opponent-objects-1.jpg,Debug/crop images - may be useful after sorting
data\cv\debug\crops\Screenshot 2026-05-10 044429,42,data\cv\debug\crops\Screenshot 2026-05-10 044429\opponent-objects-1.jpg,Debug/crop images - may be useful after sorting
data\cv\debug\crops\Screenshot 2026-05-10 044431,42,data\cv\debug\crops\Screenshot 2026-05-10 044431\opponent-objects-1.jpg,Debug/crop images - may be useful after sorting
data\cv\debug\crops\Screenshot 2026-05-10 044438,42,data\cv\debug\crops\Screenshot 2026-05-10 044438\opponent-objects-1.jpg,Debug/crop images - may be useful after sorting
data\cv\debug\crops\Screenshot 2026-05-10 044442,42,data\cv\debug\crops\Screenshot 2026-05-10 044442\opponent-objects-1.jpg,Debug/crop images - may be useful after sorting
data\cv\debug\crops\Screenshot 2026-05-10 044445,42,data\cv\debug\crops\Screenshot 2026-05-10 044445\opponent-objects-1.jpg,Debug/crop images - may be useful after sorting
data\cv\debug\crops\Screenshot 2026-05-10 044447,42,data\cv\debug\crops\Screenshot 2026-05-10 044447\opponent-objects-1.jpg,Debug/crop images - may be useful after sorting
data\cv\debug\crops\Screenshot 2026-05-10 044450,42,data\cv\debug\crops\Screenshot 2026-05-10 044450\opponent-objects-1.jpg,Debug/crop images - may be useful after sorting
data\cv\debug\crops\Screenshot 2026-05-10 044453,42,data\cv\debug\crops\Screenshot 2026-05-10 044453\opponent-objects-1.jpg,Debug/crop images - may be useful after sorting
data\cv\debug\crops\Screenshot 2026-05-10 044455,42,data\cv\debug\crops\Screenshot 2026-05-10 044455\opponent-objects-1.jpg,Debug/crop images - may be useful after sorting
data\cv\debug\crops\Screenshot 2026-05-10 044458,42,data\cv\debug\crops\Screenshot 2026-05-10 044458\opponent-objects-1.jpg,Debug/crop images - may be useful after sorting
data\cv\debug\crops\Screenshot 2026-05-10 044512,42,data\cv\debug\crops\Screenshot 2026-05-10 044512\opponent-objects-1.jpg,Debug/crop images - may be useful after sorting
data\cv\debug\crops\Screenshot 2026-05-10 044515,42,data\cv\debug\crops\Screenshot 2026-05-10 044515\opponent-objects-1.jpg,Debug/crop images - may be useful after sorting
data\cv\debug\crops\Screenshot 2026-05-10 044517,42,data\cv\debug\crops\Screenshot 2026-05-10 044517\opponent-objects-1.jpg,Debug/crop images - may be useful after sorting
data\cv\debug\crops\Screenshot 2026-05-10 044520,42,data\cv\debug\crops\Screenshot 2026-05-10 044520\opponent-objects-1.jpg,Debug/crop images - may be useful after sorting
data\cv\debug\crops\Screenshot 2026-05-10 044523,42,data\cv\debug\crops\Screenshot 2026-05-10 044523\opponent-objects-1.jpg,Debug/crop images - may be useful after sorting
data\cv\debug\crops\2026-05-1004.03.384169336671773699083-e3dd4ff5,41,data\cv\debug\crops\2026-05-1004.03.384169336671773699083-e3dd4ff5\opponent-objects-1.jpg,Debug/crop images - may be useful after sorting
data\cv\debug\crops\2026-05-1004.06.045975953053953197562-5330fd26,41,data\cv\debug\crops\2026-05-1004.06.045975953053953197562-5330fd26\opponent-objects-1.jpg,Debug/crop images - may be useful after sorting
data\cv\debug\crops\2026-05-1004.07.329035209836889705129-95c71bd3,41,data\cv\debug\crops\2026-05-1004.07.329035209836889705129-95c71bd3\opponent-objects-1.jpg,Debug/crop images - may be useful after sorting
data\cv\debug\crops\Screenshot 2026-05-10 044114,41,data\cv\debug\crops\Screenshot 2026-05-10 044114\opponent-objects-1.jpg,Debug/crop images - may be useful after sorting
data\cv\debug\crops\Screenshot 2026-05-10 044117,41,data\cv\debug\crops\Screenshot 2026-05-10 044117\opponent-objects-1.jpg,Debug/crop images - may be useful after sorting
data\cv\debug\crops\Screenshot 2026-05-10 044120,41,data\cv\debug\crops\Screenshot 2026-05-10 044120\opponent-objects-1.jpg,Debug/crop images - may be useful after sorting
data\cv\debug\crops\Screenshot 2026-05-10 044123,41,data\cv\debug\crops\Screenshot 2026-05-10 044123\opponent-objects-1.jpg,Debug/crop images - may be useful after sorting
data\cv\debug\crops\Screenshot 2026-05-10 044126,41,data\cv\debug\crops\Screenshot 2026-05-10 044126\opponent-objects-1.jpg,Debug/crop images - may be useful after sorting
data\cv\debug\crops\Screenshot 2026-05-10 044129,41,data\cv\debug\crops\Screenshot 2026-05-10 044129\opponent-objects-1.jpg,Debug/crop images - may be useful after sorting
data\cv\debug\crops\Screenshot 2026-05-10 044134,41,data\cv\debug\crops\Screenshot 2026-05-10 044134\opponent-objects-1.jpg,Debug/crop images - may be useful after sorting
data\cv\debug\crops\Screenshot 2026-05-10 044137,41,data\cv\debug\crops\Screenshot 2026-05-10 044137\opponent-objects-1.jpg,Debug/crop images - may be useful after sorting
data\cv\debug\crops\Screenshot 2026-05-10 044414,41,data\cv\debug\crops\Screenshot 2026-05-10 044414\opponent-objects-1.jpg,Debug/crop images - may be useful after sorting
data\cv\debug\crops\Screenshot 2026-05-10 044435,41,data\cv\debug\crops\Screenshot 2026-05-10 044435\opponent-objects-1.jpg,Debug/crop images - may be useful after sorting
data\training_dataset\slot_pokemon_real\kingambit,34,data\training_dataset\slot_pokemon_real\kingambit\pokemon__2026-05-1003.57.348043961090820363248-7313b55e__opponent-pokemon-5__20260510_045549__e4d835f695.jpg,Real sorted Pokémon classifier data
data\training_dataset\slot_pokemon_backup\kingambit,34,data\training_dataset\slot_pokemon_backup\kingambit\pokemon__2026-05-1003.57.348043961090820363248-7313b55e__opponent-pokemon-5__20260510_045549__e4d835f695.jpg,Unknown image folder
data\training_dataset\slot_pokemon\kingambit,34,data\training_dataset\slot_pokemon\kingambit\pokemon__2026-05-1003.57.348043961090820363248-7313b55e__opponent-pokemon-5__20260510_045549__e4d835f695.jpg,Unknown image folder
data\training_dataset\slot_pokemon_real\sinistcha,33,data\training_dataset\slot_pokemon_real\sinistcha\pokemon__2026-05-1004.00.257248896820442285253-ec4d446f__opponent-pokemon-4__20260510_045549__44c9712b43.jpg,Real sorted Pokémon classifier data
data\training_dataset\slot_pokemon_backup\sinistcha,33,data\training_dataset\slot_pokemon_backup\sinistcha\pokemon__2026-05-1004.00.257248896820442285253-ec4d446f__opponent-pokemon-4__20260510_045549__44c9712b43.jpg,Unknown image folder
data\training_dataset\slot_pokemon\sinistcha,33,data\training_dataset\slot_pokemon\sinistcha\pokemon__2026-05-1004.00.257248896820442285253-ec4d446f__opponent-pokemon-4__20260510_045549__44c9712b43.jpg,Unknown image folder
data\training_dataset\slot_pokemon_real\sylveon,31,data\training_dataset\slot_pokemon_real\sylveon\pokemon__2026-05-1003.51.281920048151656874176-807e3ad3__opponent-pokemon-3__20260510_045541__abe89d18f3.jpg,Real sorted Pokémon classifier data
data\training_dataset\slot_pokemon_backup\sylveon,31,data\training_dataset\slot_pokemon_backup\sylveon\pokemon__2026-05-1003.51.281920048151656874176-807e3ad3__opponent-pokemon-3__20260510_045541__abe89d18f3.jpg,Unknown image folder
data\training_dataset\slot_pokemon\sylveon,31,data\training_dataset\slot_pokemon\sylveon\pokemon__2026-05-1003.51.281920048151656874176-807e3ad3__opponent-pokemon-3__20260510_045541__abe89d18f3.jpg,Unknown image folder
data\training_dataset\slot_pokemon_real\drampa,28,data\training_dataset\slot_pokemon_real\drampa\pokemon__2026-05-1004.16.398454763890159349788-62fc5b3d__opponent-pokemon-1__20260510_045600__20fb931594.jpg,Real sorted Pokémon classifier data
data\training_dataset\slot_pokemon_real\oranguru,28,data\training_dataset\slot_pokemon_real\oranguru\pokemon__2026-05-1004.16.398454763890159349788-62fc5b3d__opponent-pokemon-2__20260510_045600__0af4c7c3f4.jpg,Real sorted Pokémon classifier data
data\training_dataset\slot_pokemon_real\torkoal,28,data\training_dataset\slot_pokemon_real\torkoal\pokemon__2026-05-1004.16.398454763890159349788-62fc5b3d__opponent-pokemon-5__20260510_045601__610e96a02c.jpg,Real sorted Pokémon classifier data
data\training_dataset\slot_pokemon_backup\drampa,28,data\training_dataset\slot_pokemon_backup\drampa\pokemon__2026-05-1004.16.398454763890159349788-62fc5b3d__opponent-pokemon-1__20260510_045600__20fb931594.jpg,Unknown image folder
data\training_dataset\slot_pokemon_backup\oranguru,28,data\training_dataset\slot_pokemon_backup\oranguru\pokemon__2026-05-1004.16.398454763890159349788-62fc5b3d__opponent-pokemon-2__20260510_045600__0af4c7c3f4.jpg,Unknown image folder
data\training_dataset\slot_pokemon_backup\torkoal,28,data\training_dataset\slot_pokemon_backup\torkoal\pokemon__2026-05-1004.16.398454763890159349788-62fc5b3d__opponent-pokemon-5__20260510_045601__610e96a02c.jpg,Unknown image folder
data\training_dataset\slot_pokemon\drampa,28,data\training_dataset\slot_pokemon\drampa\pokemon__2026-05-1004.16.398454763890159349788-62fc5b3d__opponent-pokemon-1__20260510_045600__20fb931594.jpg,Unknown image folder
data\training_dataset\slot_pokemon\oranguru,28,data\training_dataset\slot_pokemon\oranguru\pokemon__2026-05-1004.16.398454763890159349788-62fc5b3d__opponent-pokemon-2__20260510_045600__0af4c7c3f4.jpg,Unknown image folder
data\training_dataset\slot_pokemon\torkoal,28,data\training_dataset\slot_pokemon\torkoal\pokemon__2026-05-1004.16.398454763890159349788-62fc5b3d__opponent-pokemon-5__20260510_045601__610e96a02c.jpg,Unknown image folder
data\training_dataset\slot_pokemon_real\basculegion,21,data\training_dataset\slot_pokemon_real\basculegion\pokemon__2026-05-1003.55.218204888821785164579-b29bda20__opponent-pokemon-5__20260510_045547__5bb6854866.jpg,Real sorted Pokémon classifier data
data\training_dataset\slot_pokemon_backup\basculegion,21,data\training_dataset\slot_pokemon_backup\basculegion\pokemon__2026-05-1003.55.218204888821785164579-b29bda20__opponent-pokemon-5__20260510_045547__5bb6854866.jpg,Unknown image folder
data\training_dataset\slot_pokemon\basculegion,21,data\training_dataset\slot_pokemon\basculegion\pokemon__2026-05-1003.55.218204888821785164579-b29bda20__opponent-pokemon-5__20260510_045547__5bb6854866.jpg,Unknown image folder
data\cv\references\types\type_icons,18,data\cv\references\types\type_icons\bug.png,Type icon/type combo images
data\training_dataset\slot_pokemon_real\aerodactyl,17,data\training_dataset\slot_pokemon_real\aerodactyl\pokemon__2026-05-1003.55.218204888821785164579-b29bda20__opponent-pokemon-3__20260510_045547__a48ca9275b.jpg,Real sorted Pokémon classifier data
data\training_dataset\slot_pokemon_real\charizard,17,data\training_dataset\slot_pokemon_real\charizard\pokemon__2026-05-1003.51.281920048151656874176-807e3ad3__opponent-pokemon-1__20260510_045541__4dd1965132.jpg,Real sorted Pokémon classifier data
data\training_dataset\slot_pokemon_backup\aerodactyl,17,data\training_dataset\slot_pokemon_backup\aerodactyl\pokemon__2026-05-1003.55.218204888821785164579-b29bda20__opponent-pokemon-3__20260510_045547__a48ca9275b.jpg,Unknown image folder
data\training_dataset\slot_pokemon_backup\charizard,17,data\training_dataset\slot_pokemon_backup\charizard\pokemon__2026-05-1003.51.281920048151656874176-807e3ad3__opponent-pokemon-1__20260510_045541__4dd1965132.jpg,Unknown image folder
data\training_dataset\slot_pokemon\aerodactyl,17,data\training_dataset\slot_pokemon\aerodactyl\pokemon__2026-05-1003.55.218204888821785164579-b29bda20__opponent-pokemon-3__20260510_045547__a48ca9275b.jpg,Unknown image folder
data\training_dataset\slot_pokemon\charizard,17,data\training_dataset\slot_pokemon\charizard\pokemon__2026-05-1003.51.281920048151656874176-807e3ad3__opponent-pokemon-1__20260510_045541__4dd1965132.jpg,Unknown image folder
data\training_dataset\slot_pokemon_real\dragonite,16,data\training_dataset\slot_pokemon_real\dragonite\pokemon__2026-05-1003.57.348043961090820363248-7313b55e__opponent-pokemon-6__20260510_045549__cdd3b54c3b.jpg,Real sorted Pokémon classifier data
data\training_dataset\slot_pokemon_real\talonflame,16,data\training_dataset\slot_pokemon_real\talonflame\pokemon__2026-05-1004.07.329035209836889705129-95c71bd3__opponent-pokemon-1__20260510_045558__fbe448b485.jpg,Real sorted Pokémon classifier data
data\training_dataset\slot_pokemon_real\venusaur,16,data\training_dataset\slot_pokemon_real\venusaur\pokemon__Screenshot 2026-05-10 044237__opponent-pokemon-6__20260510_045606__c2d89d03ab.jpg,Real sorted Pokémon classifier data
data\training_dataset\slot_pokemon_backup\dragonite,16,data\training_dataset\slot_pokemon_backup\dragonite\pokemon__2026-05-1003.57.348043961090820363248-7313b55e__opponent-pokemon-6__20260510_045549__cdd3b54c3b.jpg,Unknown image folder
data\training_dataset\slot_pokemon_backup\talonflame,16,data\training_dataset\slot_pokemon_backup\talonflame\pokemon__2026-05-1004.07.329035209836889705129-95c71bd3__opponent-pokemon-1__20260510_045558__fbe448b485.jpg,Unknown image folder
data\training_dataset\slot_pokemon_backup\venusaur,16,data\training_dataset\slot_pokemon_backup\venusaur\pokemon__Screenshot 2026-05-10 044237__opponent-pokemon-6__20260510_045606__c2d89d03ab.jpg,Unknown image folder
data\training_dataset\slot_pokemon\dragonite,16,data\training_dataset\slot_pokemon\dragonite\pokemon__2026-05-1003.57.348043961090820363248-7313b55e__opponent-pokemon-6__20260510_045549__cdd3b54c3b.jpg,Unknown image folder
data\training_dataset\slot_pokemon\talonflame,16,data\training_dataset\slot_pokemon\talonflame\pokemon__2026-05-1004.07.329035209836889705129-95c71bd3__opponent-pokemon-1__20260510_045558__fbe448b485.jpg,Unknown image folder
data\training_dataset\slot_pokemon\venusaur,16,data\training_dataset\slot_pokemon\venusaur\pokemon__Screenshot 2026-05-10 044237__opponent-pokemon-6__20260510_045606__c2d89d03ab.jpg,Unknown image folder
data\training_dataset\slot_pokemon_real\pelipper,14,data\training_dataset\slot_pokemon_real\pelipper\pokemon__2026-05-1003.56.265209192959158153225-8a719e0d__opponent-pokemon-6__20260510_045548__1010617190.jpg,Real sorted Pokémon classifier data
data\training_dataset\slot_pokemon_real\tinkaton,14,data\training_dataset\slot_pokemon_real\tinkaton\pokemon__Screenshot 2026-05-10 044149__opponent-pokemon-4__20260510_045605__996b24fadc.jpg,Real sorted Pokémon classifier data
data\training_dataset\slot_pokemon_backup\pelipper,14,data\training_dataset\slot_pokemon_backup\pelipper\pokemon__2026-05-1003.56.265209192959158153225-8a719e0d__opponent-pokemon-6__20260510_045548__1010617190.jpg,Unknown image folder
data\training_dataset\slot_pokemon_backup\tinkaton,14,data\training_dataset\slot_pokemon_backup\tinkaton\pokemon__Screenshot 2026-05-10 044149__opponent-pokemon-4__20260510_045605__996b24fadc.jpg,Unknown image folder
data\training_dataset\slot_pokemon\pelipper,14,data\training_dataset\slot_pokemon\pelipper\pokemon__2026-05-1003.56.265209192959158153225-8a719e0d__opponent-pokemon-6__20260510_045548__1010617190.jpg,Unknown image folder
data\training_dataset\slot_pokemon\tinkaton,14,data\training_dataset\slot_pokemon\tinkaton\pokemon__Screenshot 2026-05-10 044149__opponent-pokemon-4__20260510_045605__996b24fadc.jpg,Unknown image folder
data\training_dataset\slot_pokemon_real\archaludon,13,data\training_dataset\slot_pokemon_real\archaludon\pokemon__2026-05-1004.06.045975953053953197562-5330fd26__opponent-pokemon-4__20260510_045557__2b23b10456.jpg,Real sorted Pokémon classifier data
data\training_dataset\slot_pokemon_real\lucario,13,data\training_dataset\slot_pokemon_real\lucario\pokemon__2026-05-1004.16.398454763890159349788-62fc5b3d__opponent-pokemon-6__20260510_045601__a27798fb18.jpg,Real sorted Pokémon classifier data
data\training_dataset\slot_pokemon_backup\archaludon,13,data\training_dataset\slot_pokemon_backup\archaludon\pokemon__2026-05-1004.06.045975953053953197562-5330fd26__opponent-pokemon-4__20260510_045557__2b23b10456.jpg,Unknown image folder
data\training_dataset\slot_pokemon_backup\lucario,13,data\training_dataset\slot_pokemon_backup\lucario\pokemon__2026-05-1004.16.398454763890159349788-62fc5b3d__opponent-pokemon-6__20260510_045601__a27798fb18.jpg,Unknown image folder
data\training_dataset\slot_pokemon\archaludon,13,data\training_dataset\slot_pokemon\archaludon\pokemon__2026-05-1004.06.045975953053953197562-5330fd26__opponent-pokemon-4__20260510_045557__2b23b10456.jpg,Unknown image folder
data\training_dataset\slot_pokemon\lucario,13,data\training_dataset\slot_pokemon\lucario\pokemon__2026-05-1004.16.398454763890159349788-62fc5b3d__opponent-pokemon-6__20260510_045601__a27798fb18.jpg,Unknown image folder
data\training_dataset\slot_pokemon_real\dragapult,10,data\training_dataset\slot_pokemon_real\dragapult\pokemon__Screenshot 2026-05-10 044237__opponent-pokemon-1__20260510_045606__8bc877f1fb.jpg,Real sorted Pokémon classifier data
data\training_dataset\slot_pokemon_real\heliolisk,10,data\training_dataset\slot_pokemon_real\heliolisk\pokemon__Screenshot 2026-05-10 044237__opponent-pokemon-4__20260510_045606__82debe340d.jpg,Real sorted Pokémon classifier data
data\training_dataset\slot_pokemon_backup\dragapult,10,data\training_dataset\slot_pokemon_backup\dragapult\pokemon__Screenshot 2026-05-10 044237__opponent-pokemon-1__20260510_045606__8bc877f1fb.jpg,Unknown image folder
data\training_dataset\slot_pokemon_backup\heliolisk,10,data\training_dataset\slot_pokemon_backup\heliolisk\pokemon__Screenshot 2026-05-10 044237__opponent-pokemon-4__20260510_045606__82debe340d.jpg,Unknown image folder
data\training_dataset\slot_pokemon\dragapult,10,data\training_dataset\slot_pokemon\dragapult\pokemon__Screenshot 2026-05-10 044237__opponent-pokemon-1__20260510_045606__8bc877f1fb.jpg,Unknown image folder
data\training_dataset\slot_pokemon\heliolisk,10,data\training_dataset\slot_pokemon\heliolisk\pokemon__Screenshot 2026-05-10 044237__opponent-pokemon-4__20260510_045606__82debe340d.jpg,Unknown image folder
data\training_dataset\slot_pokemon_real\kangaskhan,9,data\training_dataset\slot_pokemon_real\kangaskhan\pokemon__Screenshot 2026-05-10 044333__opponent-pokemon-6__20260510_045607__147ad91e92.jpg,Real sorted Pokémon classifier data
data\training_dataset\slot_pokemon_real\rotom_wash,9,data\training_dataset\slot_pokemon_real\rotom_wash\pokemon__Screenshot 2026-05-10 044333__opponent-pokemon-5__20260510_045607__901542419a.jpg,Real sorted Pokémon classifier data
data\training_dataset\slot_pokemon_real\tyranitar,9,data\training_dataset\slot_pokemon_real\tyranitar\pokemon__Screenshot 2026-05-10 044333__opponent-pokemon-1__20260510_045607__7b1466b950.jpg,Real sorted Pokémon classifier data
data\training_dataset\slot_pokemon_real\whimsicott,9,data\training_dataset\slot_pokemon_real\whimsicott\slot__1000009579__opponent-slot-6__20260510_014854__199cee1117.jpg,Real sorted Pokémon classifier data
data\training_dataset\slot_pokemon_backup\kangaskhan,9,data\training_dataset\slot_pokemon_backup\kangaskhan\pokemon__Screenshot 2026-05-10 044333__opponent-pokemon-6__20260510_045607__147ad91e92.jpg,Unknown image folder
data\training_dataset\slot_pokemon_backup\rotom_wash,9,data\training_dataset\slot_pokemon_backup\rotom_wash\pokemon__Screenshot 2026-05-10 044333__opponent-pokemon-5__20260510_045607__901542419a.jpg,Unknown image folder
data\training_dataset\slot_pokemon_backup\tyranitar,9,data\training_dataset\slot_pokemon_backup\tyranitar\pokemon__Screenshot 2026-05-10 044333__opponent-pokemon-1__20260510_045607__7b1466b950.jpg,Unknown image folder
data\training_dataset\slot_pokemon_backup\whimsicott,9,data\training_dataset\slot_pokemon_backup\whimsicott\slot__1000009579__opponent-slot-6__20260510_014854__199cee1117.jpg,Unknown image folder
data\training_dataset\slot_pokemon\kangaskhan,9,data\training_dataset\slot_pokemon\kangaskhan\pokemon__Screenshot 2026-05-10 044333__opponent-pokemon-6__20260510_045607__147ad91e92.jpg,Unknown image folder
data\training_dataset\slot_pokemon\rotom_wash,9,data\training_dataset\slot_pokemon\rotom_wash\pokemon__Screenshot 2026-05-10 044333__opponent-pokemon-5__20260510_045607__901542419a.jpg,Unknown image folder
data\training_dataset\slot_pokemon\tyranitar,9,data\training_dataset\slot_pokemon\tyranitar\pokemon__Screenshot 2026-05-10 044333__opponent-pokemon-1__20260510_045607__7b1466b950.jpg,Unknown image folder
data\training_dataset\slot_pokemon\whimsicott,9,data\training_dataset\slot_pokemon\whimsicott\slot__1000009579__opponent-slot-6__20260510_014854__199cee1117.jpg,Unknown image folder
data\training_dataset\slot_pokemon_real\incineroar,8,data\training_dataset\slot_pokemon_real\incineroar\pokemon__2026-05-1003.51.281920048151656874176-807e3ad3__opponent-pokemon-4__20260510_045541__3a5da5b3c7.jpg,Real sorted Pokémon classifier data
data\training_dataset\slot_pokemon_backup\incineroar,8,data\training_dataset\slot_pokemon_backup\incineroar\pokemon__2026-05-1003.51.281920048151656874176-807e3ad3__opponent-pokemon-4__20260510_045541__3a5da5b3c7.jpg,Unknown image folder
data\training_dataset\slot_pokemon\incineroar,8,data\training_dataset\slot_pokemon\incineroar\pokemon__2026-05-1003.51.281920048151656874176-807e3ad3__opponent-pokemon-4__20260510_045541__3a5da5b3c7.jpg,Unknown image folder
data\competitive\diagrams,8,data\competitive\diagrams\pokemon_usage_vs_win_rate.png,Unknown image folder
data\cv\debug\crops\2026-05-1003.44.002233358681074163662-38908785,7,data\cv\debug\crops\2026-05-1003.44.002233358681074163662-38908785\opponent-slot-1.jpg,Debug/crop images - may be useful after sorting
data\cv\debug\crops\2026-05-1003.48.201782836879732887447-d55d4daf,7,data\cv\debug\crops\2026-05-1003.48.201782836879732887447-d55d4daf\opponent-slot-1.jpg,Debug/crop images - may be useful after sorting
data\cv\debug\crops\2026-05-1003.54.332260755546130236364-43be3ab5,7,data\cv\debug\crops\2026-05-1003.54.332260755546130236364-43be3ab5\opponent-slot-1.jpg,Debug/crop images - may be useful after sorting
data\cv\debug\crops\2026-05-1003.54.332260755546130236364-77c6bec5,7,data\cv\debug\crops\2026-05-1003.54.332260755546130236364-77c6bec5\opponent-slot-1.jpg,Debug/crop images - may be useful after sorting
data\cv\debug\crops\2026-05-1004.15.161631871043380983368-2bb081d1,7,data\cv\debug\crops\2026-05-1004.15.161631871043380983368-2bb081d1\opponent-slot-1.jpg,Debug/crop images - may be useful after sorting
data\cv\debug\crops\2026-05-1004.15.437534410542374198569-0525ee94,7,data\cv\debug\crops\2026-05-1004.15.437534410542374198569-0525ee94\opponent-slot-1.jpg,Debug/crop images - may be useful after sorting
data\cv\debug\crops\2026-05-1004.17.145934422551444633054-998ff6fe,7,data\cv\debug\crops\2026-05-1004.17.145934422551444633054-998ff6fe\opponent-slot-1.jpg,Debug/crop images - may be useful after sorting
data\cv\debug\crops\2026-05-1004.17.253088954467004614488-3c78a6f1,7,data\cv\debug\crops\2026-05-1004.17.253088954467004614488-3c78a6f1\opponent-slot-1.jpg,Debug/crop images - may be useful after sorting
data\training_dataset\slot_pokemon_real\scovillain,6,data\training_dataset\slot_pokemon_real\scovillain\pokemon__2026-05-1004.14.23767493403397163775-066f5d37__opponent-pokemon-5__20260510_045600__ef80b106ac.jpg,Real sorted Pokémon classifier data
data\training_dataset\slot_pokemon_backup\scovillain,6,data\training_dataset\slot_pokemon_backup\scovillain\pokemon__2026-05-1004.14.23767493403397163775-066f5d37__opponent-pokemon-5__20260510_045600__ef80b106ac.jpg,Unknown image folder
data\training_dataset\slot_pokemon\scovillain,6,data\training_dataset\slot_pokemon\scovillain\pokemon__2026-05-1004.14.23767493403397163775-066f5d37__opponent-pokemon-5__20260510_045600__ef80b106ac.jpg,Unknown image folder
data\training_dataset\type_combos\fighting_poison,5,data\training_dataset\type_combos\fighting_poison\opponent-type-cluster-3.jpg,Type icon/type combo images
data\training_dataset\slot_pokemon_real\gengar,5,data\training_dataset\slot_pokemon_real\gengar\pokemon__2026-05-1003.57.348043961090820363248-7313b55e__opponent-pokemon-3__20260510_045548__59989dd560.jpg,Real sorted Pokémon classifier data
data\training_dataset\slot_pokemon_real\scizor,5,data\training_dataset\slot_pokemon_real\scizor\pokemon__2026-05-1004.00.257248896820442285253-ec4d446f__opponent-pokemon-2__20260510_045549__7d6d0e3a2b.jpg,Real sorted Pokémon classifier data
data\training_dataset\slot_pokemon_backup\gengar,5,data\training_dataset\slot_pokemon_backup\gengar\pokemon__2026-05-1003.57.348043961090820363248-7313b55e__opponent-pokemon-3__20260510_045548__59989dd560.jpg,Unknown image folder
data\training_dataset\slot_pokemon_backup\scizor,5,data\training_dataset\slot_pokemon_backup\scizor\pokemon__2026-05-1004.00.257248896820442285253-ec4d446f__opponent-pokemon-2__20260510_045549__7d6d0e3a2b.jpg,Unknown image folder
data\training_dataset\slot_pokemon\gengar,5,data\training_dataset\slot_pokemon\gengar\pokemon__2026-05-1003.57.348043961090820363248-7313b55e__opponent-pokemon-3__20260510_045548__59989dd560.jpg,Unknown image folder
data\training_dataset\slot_pokemon\scizor,5,data\training_dataset\slot_pokemon\scizor\pokemon__2026-05-1004.00.257248896820442285253-ec4d446f__opponent-pokemon-2__20260510_045549__7d6d0e3a2b.jpg,Unknown image folder
data\training_dataset\slot_pokemon_real\arcanine_hisui,4,data\training_dataset\slot_pokemon_real\arcanine_hisui\slot__1000009579__opponent-slot-4__20260510_014854__80066b0ace.jpg,Real sorted Pokémon classifier data
data\training_dataset\slot_pokemon_real\floette_eternal,4,data\training_dataset\slot_pokemon_real\floette_eternal\pokemon__2026-05-1004.02.001412921874112631768-150f1db5__opponent-pokemon-1__20260510_045550__600d8d9c44.jpg,Real sorted Pokémon classifier data
data\training_dataset\slot_pokemon_real\froslass,4,data\training_dataset\slot_pokemon_real\froslass\pokemon__2026-05-1004.10.16100901817648704072-38108dab__opponent-pokemon-2__20260510_045559__ac8c86577e.jpg,Real sorted Pokémon classifier data
data\training_dataset\slot_pokemon_real\greninja,4,data\training_dataset\slot_pokemon_real\greninja\slot__1000009579__opponent-slot-1__20260510_014854__d2d264a695.jpg,Real sorted Pokémon classifier data
data\training_dataset\slot_pokemon_real\samurott_hisui,4,data\training_dataset\slot_pokemon_real\samurott_hisui\slot__1000009579__opponent-slot-3__20260510_014854__ef0a4bdf3b.jpg,Real sorted Pokémon classifier data
data\training_dataset\slot_pokemon_backup\arcanine_hisui,4,data\training_dataset\slot_pokemon_backup\arcanine_hisui\slot__1000009579__opponent-slot-4__20260510_014854__80066b0ace.jpg,Unknown image folder
data\training_dataset\slot_pokemon_backup\floette_eternal,4,data\training_dataset\slot_pokemon_backup\floette_eternal\pokemon__2026-05-1004.02.001412921874112631768-150f1db5__opponent-pokemon-1__20260510_045550__600d8d9c44.jpg,Unknown image folder
data\training_dataset\slot_pokemon_backup\froslass,4,data\training_dataset\slot_pokemon_backup\froslass\pokemon__2026-05-1004.10.16100901817648704072-38108dab__opponent-pokemon-2__20260510_045559__ac8c86577e.jpg,Unknown image folder
data\training_dataset\slot_pokemon_backup\greninja,4,data\training_dataset\slot_pokemon_backup\greninja\slot__1000009579__opponent-slot-1__20260510_014854__d2d264a695.jpg,Unknown image folder
data\training_dataset\slot_pokemon_backup\samurott_hisui,4,data\training_dataset\slot_pokemon_backup\samurott_hisui\slot__1000009579__opponent-slot-3__20260510_014854__ef0a4bdf3b.jpg,Unknown image folder
data\training_dataset\slot_pokemon\arcanine_hisui,4,data\training_dataset\slot_pokemon\arcanine_hisui\slot__1000009579__opponent-slot-4__20260510_014854__80066b0ace.jpg,Unknown image folder
data\training_dataset\slot_pokemon\floette_eternal,4,data\training_dataset\slot_pokemon\floette_eternal\pokemon__2026-05-1004.02.001412921874112631768-150f1db5__opponent-pokemon-1__20260510_045550__600d8d9c44.jpg,Unknown image folder
data\training_dataset\slot_pokemon\froslass,4,data\training_dataset\slot_pokemon\froslass\pokemon__2026-05-1004.10.16100901817648704072-38108dab__opponent-pokemon-2__20260510_045559__ac8c86577e.jpg,Unknown image folder
data\training_dataset\slot_pokemon\greninja,4,data\training_dataset\slot_pokemon\greninja\slot__1000009579__opponent-slot-1__20260510_014854__d2d264a695.jpg,Unknown image folder
data\training_dataset\slot_pokemon\samurott_hisui,4,data\training_dataset\slot_pokemon\samurott_hisui\slot__1000009579__opponent-slot-3__20260510_014854__ef0a4bdf3b.jpg,Unknown image folder
data\training_dataset\type_combos\fire_flying,3,data\training_dataset\type_combos\fire_flying\opponent-type-cluster-1.jpg,Type icon/type combo images
data\training_dataset\type_combos\grass_dark,3,data\training_dataset\type_combos\grass_dark\opponent-type-cluster-2.jpg,Type icon/type combo images
data\training_dataset\slot_pokemon_real\blastoise,3,data\training_dataset\slot_pokemon_real\blastoise\pokemon__2026-05-1004.06.045975953053953197562-5330fd26__opponent-pokemon-3__20260510_045557__41c7bedd2a.jpg,Real sorted Pokémon classifier data
data\training_dataset\slot_pokemon_real\hawlucha,3,data\training_dataset\slot_pokemon_real\hawlucha\slot__1000009579__opponent-slot-2__20260510_014854__6e58f7193c.jpg,Real sorted Pokémon classifier data
data\training_dataset\slot_pokemon_backup\blastoise,3,data\training_dataset\slot_pokemon_backup\blastoise\pokemon__2026-05-1004.06.045975953053953197562-5330fd26__opponent-pokemon-3__20260510_045557__41c7bedd2a.jpg,Unknown image folder
data\training_dataset\slot_pokemon_backup\hawlucha,3,data\training_dataset\slot_pokemon_backup\hawlucha\slot__1000009579__opponent-slot-2__20260510_014854__6e58f7193c.jpg,Unknown image folder
data\training_dataset\slot_pokemon\blastoise,3,data\training_dataset\slot_pokemon\blastoise\pokemon__2026-05-1004.06.045975953053953197562-5330fd26__opponent-pokemon-3__20260510_045557__41c7bedd2a.jpg,Unknown image folder
data\training_dataset\slot_pokemon\hawlucha,3,data\training_dataset\slot_pokemon\hawlucha\slot__1000009579__opponent-slot-2__20260510_014854__6e58f7193c.jpg,Unknown image folder
data\cv\debug\crops\2026-05-1003.57.498104675782527871031-9e0d7714,3,data\cv\debug\crops\2026-05-1003.57.498104675782527871031-9e0d7714\normalized-team-column.jpg,Debug/crop images - may be useful after sorting
data\cv\debug\crops\2026-05-1003.58.447178017794705252032-ccaae32f,3,data\cv\debug\crops\2026-05-1003.58.447178017794705252032-ccaae32f\normalized-team-column.jpg,Debug/crop images - may be useful after sorting
data\cv\debug\crops\2026-05-1004.00.484182219674761363024-a06289bd,3,data\cv\debug\crops\2026-05-1004.00.484182219674761363024-a06289bd\normalized-team-column.jpg,Debug/crop images - may be useful after sorting
data\cv\debug\crops\2026-05-1004.04.361492408857569733938-833716f1,3,data\cv\debug\crops\2026-05-1004.04.361492408857569733938-833716f1\normalized-team-column.jpg,Debug/crop images - may be useful after sorting
data\cv\debug\crops\2026-05-1004.05.158655862011436629369-86b0f9de,3,data\cv\debug\crops\2026-05-1004.05.158655862011436629369-86b0f9de\normalized-team-column.jpg,Debug/crop images - may be useful after sorting
data\cv\debug\crops\2026-05-1004.06.463977719852244023189-a3971557,3,data\cv\debug\crops\2026-05-1004.06.463977719852244023189-a3971557\normalized-team-column.jpg,Debug/crop images - may be useful after sorting
data\cv\debug\crops\2026-05-1004.08.477439367753163899469-97d48fdd,3,data\cv\debug\crops\2026-05-1004.08.477439367753163899469-97d48fdd\normalized-team-column.jpg,Debug/crop images - may be useful after sorting
data\cv\debug\crops\2026-05-1004.09.119196109496680852718-14023c8f,3,data\cv\debug\crops\2026-05-1004.09.119196109496680852718-14023c8f\normalized-team-column.jpg,Debug/crop images - may be useful after sorting
data\cv\debug\crops\2026-05-1004.11.395467416818201721828-cc71ac4d,3,data\cv\debug\crops\2026-05-1004.11.395467416818201721828-cc71ac4d\normalized-team-column.jpg,Debug/crop images - may be useful after sorting
data\cv\debug\crops\Screenshot 2026-05-10 044302,3,data\cv\debug\crops\Screenshot 2026-05-10 044302\normalized-team-column.jpg,Debug/crop images - may be useful after sorting
data\cv\debug\crops\Screenshot 2026-05-10 044339,3,data\cv\debug\crops\Screenshot 2026-05-10 044339\normalized-team-column.jpg,Debug/crop images - may be useful after sorting
data\cv\debug\crops\Screenshot 2026-05-10 044401,3,data\cv\debug\crops\Screenshot 2026-05-10 044401\normalized-team-column.jpg,Debug/crop images - may be useful after sorting
data\training_dataset\type_combos\ice,2,data\training_dataset\type_combos\ice\type_combo__1000009574__opponent-type-cluster-2__20260510_014854__58ce2c68ab.jpg,Type icon/type combo images
data\training_dataset\type_combos\rock_flying,2,data\training_dataset\type_combos\rock_flying\opponent-type-cluster-4.jpg,Type icon/type combo images
data\training_dataset\type_combos\rock_poison,2,data\training_dataset\type_combos\rock_poison\type_combo__1000009571__opponent-type-cluster-1__20260510_014854__a0228bb793.jpg,Type icon/type combo images
data\training_dataset\type_combos\water_ghost,2,data\training_dataset\type_combos\water_ghost\opponent-type-cluster-5.jpg,Type icon/type combo images
data\training_dataset\slot_pokemon_real\clefable,2,data\training_dataset\slot_pokemon_real\clefable\slot__1000009574__opponent-slot-5__20260510_014854__0847fad508.jpg,Real sorted Pokémon classifier data
data\training_dataset\slot_pokemon_real\kommo_o,2,data\training_dataset\slot_pokemon_real\kommo_o\slot__1000009574__opponent-slot-6__20260510_014854__6e33fc5340.jpg,Real sorted Pokémon classifier data
data\training_dataset\slot_pokemon_real\ninetales_alola,2,data\training_dataset\slot_pokemon_real\ninetales_alola\pokemon__2026-05-1003.57.348043961090820363248-7313b55e__opponent-pokemon-1__20260510_045548__44ca3798f2.jpg,Real sorted Pokémon classifier data
data\training_dataset\slot_pokemon_real\tsareena,2,data\training_dataset\slot_pokemon_real\tsareena\pokemon__2026-05-1003.55.218204888821785164579-b29bda20__opponent-pokemon-1__20260510_045543__394bd92f70.jpg,Real sorted Pokémon classifier data
data\training_dataset\slot_pokemon_real\vanilluxe,2,data\training_dataset\slot_pokemon_real\vanilluxe\slot__1000009574__opponent-slot-2__20260510_014854__0d1115be7f.jpg,Real sorted Pokémon classifier data
data\training_dataset\slot_pokemon_backup\clefable,2,data\training_dataset\slot_pokemon_backup\clefable\slot__1000009574__opponent-slot-5__20260510_014854__0847fad508.jpg,Unknown image folder
data\training_dataset\slot_pokemon_backup\kommo_o,2,data\training_dataset\slot_pokemon_backup\kommo_o\slot__1000009574__opponent-slot-6__20260510_014854__6e33fc5340.jpg,Unknown image folder
data\training_dataset\slot_pokemon_backup\ninetales_alola,2,data\training_dataset\slot_pokemon_backup\ninetales_alola\pokemon__2026-05-1003.57.348043961090820363248-7313b55e__opponent-pokemon-1__20260510_045548__44ca3798f2.jpg,Unknown image folder
data\training_dataset\slot_pokemon_backup\tsareena,2,data\training_dataset\slot_pokemon_backup\tsareena\pokemon__2026-05-1003.55.218204888821785164579-b29bda20__opponent-pokemon-1__20260510_045543__394bd92f70.jpg,Unknown image folder
data\training_dataset\slot_pokemon_backup\vanilluxe,2,data\training_dataset\slot_pokemon_backup\vanilluxe\slot__1000009574__opponent-slot-2__20260510_014854__0d1115be7f.jpg,Unknown image folder
data\training_dataset\slot_pokemon\clefable,2,data\training_dataset\slot_pokemon\clefable\slot__1000009574__opponent-slot-5__20260510_014854__0847fad508.jpg,Unknown image folder
data\training_dataset\slot_pokemon\kommo_o,2,data\training_dataset\slot_pokemon\kommo_o\slot__1000009574__opponent-slot-6__20260510_014854__6e33fc5340.jpg,Unknown image folder
data\training_dataset\slot_pokemon\ninetales_alola,2,data\training_dataset\slot_pokemon\ninetales_alola\pokemon__2026-05-1003.57.348043961090820363248-7313b55e__opponent-pokemon-1__20260510_045548__44ca3798f2.jpg,Unknown image folder
data\training_dataset\slot_pokemon\tsareena,2,data\training_dataset\slot_pokemon\tsareena\pokemon__2026-05-1003.55.218204888821785164579-b29bda20__opponent-pokemon-1__20260510_045543__394bd92f70.jpg,Unknown image folder
data\training_dataset\slot_pokemon\vanilluxe,2,data\training_dataset\slot_pokemon\vanilluxe\slot__1000009574__opponent-slot-2__20260510_014854__0d1115be7f.jpg,Unknown image folder
data\training_dataset\type_combos\dargon_ground,1,data\training_dataset\type_combos\dargon_ground\opponent-type-cluster-6.jpg,Type icon/type combo images
data\training_dataset\type_combos\dark_ice,1,data\training_dataset\type_combos\dark_ice\type_combo__1000009571__opponent-type-cluster-3__20260510_014854__53a9f1c46e.jpg,Type icon/type combo images
data\training_dataset\type_combos\fairy,1,data\training_dataset\type_combos\fairy\type_combo__1000009571__opponent-type-cluster-2__20260510_014854__71d9d97196.jpg,Type icon/type combo images
data\training_dataset\type_combos\fighting,1,data\training_dataset\type_combos\fighting\opponent-type-icon-3-1.jpg,Type icon/type combo images
data\training_dataset\type_combos\fire,1,data\training_dataset\type_combos\fire\opponent-type-icon-1-1.jpg,Type icon/type combo images
data\training_dataset\type_combos\flying,1,data\training_dataset\type_combos\flying\opponent-type-icon-1-2.jpg,Type icon/type combo images
data\training_dataset\type_combos\flying_steel,1,data\training_dataset\type_combos\flying_steel\type_combo__1000009571__opponent-type-cluster-4__20260510_014854__aee7bf6b42.jpg,Type icon/type combo images
data\training_dataset\type_combos\grass_ghost,1,data\training_dataset\type_combos\grass_ghost\type_combo__1000009574__opponent-type-cluster-4__20260510_014854__d423ca63e1.jpg,Type icon/type combo images
data\training_dataset\type_combos\poison,1,data\training_dataset\type_combos\poison\opponent-type-icon-3-2.jpg,Type icon/type combo images
data\training_dataset\type_combos\water,1,data\training_dataset\type_combos\water\opponent-type-icon-5-1.jpg,Type icon/type combo images
data\training_dataset\type_combos\water_flying,1,data\training_dataset\type_combos\water_flying\type_combo__1000009571__opponent-type-cluster-5__20260510_014854__42a4713b93.jpg,Type icon/type combo images
data\training_dataset\slot_pokemon_real\aegislash,1,data\training_dataset\slot_pokemon_real\aegislash\pokemon__2026-05-1003.51.281920048151656874176-807e3ad3__opponent-pokemon-5__20260510_045541__125416aed6.jpg,Real sorted Pokémon classifier data
data\training_dataset\slot_pokemon_real\basculegion_male,1,data\training_dataset\slot_pokemon_real\basculegion_male\opponent-slot-5.jpg,Real sorted Pokémon classifier data
data\training_dataset\slot_pokemon_real\corviknight,1,data\training_dataset\slot_pokemon_real\corviknight\slot__1000009571__opponent-slot-4__20260510_014854__e74ee33ca3.jpg,Real sorted Pokémon classifier data
data\training_dataset\slot_pokemon_real\weavile,1,data\training_dataset\slot_pokemon_real\weavile\slot__1000009571__opponent-slot-3__20260510_014854__0f2d9d8a32.jpg,Real sorted Pokémon classifier data
data\training_dataset\slot_pokemon_backup\aegislash,1,data\training_dataset\slot_pokemon_backup\aegislash\pokemon__2026-05-1003.51.281920048151656874176-807e3ad3__opponent-pokemon-5__20260510_045541__125416aed6.jpg,Unknown image folder
data\training_dataset\slot_pokemon_backup\basculegion_male,1,data\training_dataset\slot_pokemon_backup\basculegion_male\opponent-slot-5.jpg,Unknown image folder
data\training_dataset\slot_pokemon_backup\corviknight,1,data\training_dataset\slot_pokemon_backup\corviknight\slot__1000009571__opponent-slot-4__20260510_014854__e74ee33ca3.jpg,Unknown image folder
data\training_dataset\slot_pokemon_backup\weavile,1,data\training_dataset\slot_pokemon_backup\weavile\slot__1000009571__opponent-slot-3__20260510_014854__0f2d9d8a32.jpg,Unknown image folder
data\training_dataset\slot_pokemon\aegislash,1,data\training_dataset\slot_pokemon\aegislash\pokemon__2026-05-1003.51.281920048151656874176-807e3ad3__opponent-pokemon-5__20260510_045541__125416aed6.jpg,Unknown image folder
data\training_dataset\slot_pokemon\basculegion_male,1,data\training_dataset\slot_pokemon\basculegion_male\opponent-slot-5.jpg,Unknown image folder
data\training_dataset\slot_pokemon\corviknight,1,data\training_dataset\slot_pokemon\corviknight\slot__1000009571__opponent-slot-4__20260510_014854__e74ee33ca3.jpg,Unknown image folder
data\training_dataset\slot_pokemon\weavile,1,data\training_dataset\slot_pokemon\weavile\slot__1000009571__opponent-slot-3__20260510_014854__0f2d9d8a32.jpg,Unknown image folder
data\cv\references\types,1,data\cv\references\types\types.png,Type icon/type combo images
